q_id,time_inference_sec,total_cpu_time_sec,word_count,word_count_bin,satisfaction_score,id,query1,query2,energy_total
session_040_q06,6.362851858139038,0.0007101000010152,51,3,0.0,cikm_trace_0_10_0,10,0,699.95275989535
session_033_q26,7.258628606796265,0.0007194999998318,27,0,0.0,cikm_trace_0_10_1,10,0,798.4887192475799
session_001_q30,16.43698000907898,0.0013630999999918,42,2,0.0,cikm_trace_0_10_2,10,0,1808.1427714986874
session_005_q25,7.209255695343018,0.0009092000000236,61,4,0.975483870967742,cikm_trace_0_10_3,10,0,793.0681324877332
session_019_q22,10.060274124145508,0.000798199997007,24,0,0.8346666666666667,cikm_trace_0_10_4,10,0,1106.6740546558412
session_037_q30,9.568299055099487,0.0007392000006801,31,1,0.7387096774193549,cikm_trace_0_10_5,10,0,1052.553552060981
session_049_q14,15.614922761917114,0.0008075999976426,45,2,0.7079545454545455,cikm_trace_0_10_6,10,0,1717.685921810753
session_004_q15,11.673489332199097,0.0007615999998051,45,2,0.8734513274336283,cikm_trace_0_10_7,10,0,1284.12571454189
session_023_q26,10.623825311660768,0.0008598000003984,30,0,0.8273809523809523,cikm_trace_0_10_8,10,0,1168.6680732827065
session_015_q35,10.414010763168337,0.0007649999997737,49,3,0.8411764705882353,cikm_trace_0_10_9,10,0,1145.5832589485046
session_022_q08,11.122916460037231,0.000821800000267,50,3,0.0,cikm_trace_1_10_0,10,1,1223.5660096041101
session_008_q09,12.251899003982544,0.0008872999997038,78,4,0.0,cikm_trace_1_10_1,10,1,1347.7576919380635
session_030_q03,16.355515003204346,0.0007363999993685,37,1,0.0,cikm_trace_1_10_2,10,1,1799.1471523524433
session_012_q30,16.1166729927063,0.0008890000008249,55,3,0.8916666666666666,cikm_trace_1_10_3,10,1,1772.8829241977382
session_026_q12,11.932612657546995,0.0006873999991511,32,1,0.7613333333333333,cikm_trace_1_10_4,10,1,1312.6251993301228
session_006_q20,12.539939880371094,0.0009083999998437,54,3,0.924223602484472,cikm_trace_1_10_5,10,1,1379.4433488408117
session_038_q13,10.542319297790527,0.0006972999981369,20,0,0.6833333333333333,cikm_trace_1_10_6,10,1,1159.6934742568556
session_030_q14,8.081678867340088,0.0018610999995871,24,0,0.8149253731343283,cikm_trace_1_10_7,10,1,889.087035907387
session_004_q27,14.803343057632446,0.0008684000001721,53,3,0.8034482758620689,cikm_trace_1_10_8,10,1,1628.4154983395786
session_022_q15,11.145862340927124,0.0011088000010203,42,2,0.8592233009708737,cikm_trace_1_10_9,10,1,1226.1058415020398
session_033_q40,12.523372173309326,0.0007841999995433,47,3,0.0,cikm_trace_2_10_0,10,2,1377.6140700640008
session_018_q29,14.025946855545044,0.0010682000001906,81,4,0.0,cikm_trace_2_10_1,10,2,1542.9129051099653
session_009_q34,16.328165769577026,0.000864999999976,53,3,0.0,cikm_trace_2_10_2,10,2,1796.1458096534716
session_024_q04,6.355666875839233,0.0008309000022563,31,1,0.7571428571428571,cikm_trace_2_10_3,10,2,699.1690558424398
session_015_q14,8.342920780181885,0.0005952000010438,31,1,0.8888888888888888,cikm_trace_2_10_4,10,2,917.7540218200647
session_022_q04,8.351531982421875,0.000691999999617,35,1,0.796875,cikm_trace_2_10_5,10,2,918.7065780663852
session_026_q24,9.60452938079834,0.0008691000002726,42,2,0.8598039215686275,cikm_trace_2_10_6,10,2,1056.5460323878324
session_049_q02,11.757622718811035,0.0010744999999587,44,2,0.818,cikm_trace_2_10_7,10,2,1293.3975965692116
session_021_q07,9.317441940307615,0.0007985000011103,33,1,0.8529411764705882,cikm_trace_2_10_8,10,2,1024.9625309338987
session_023_q26,10.623825311660768,0.0008598000003984,30,0,0.8273809523809523,cikm_trace_2_10_9,10,2,1168.6680732827065
session_015_q24,16.53302311897278,0.0009026000006996,82,4,0.0,cikm_trace_3_10_0,10,3,1818.682186087044
session_029_q18,12.130897045135498,0.0006622000000787,24,0,0.0,cikm_trace_3_10_1,10,3,1334.4350959649091
session_029_q07,16.589564085006714,0.0008401999984925,49,3,0.0,cikm_trace_3_10_2,10,3,1824.8982603506556
session_010_q36,15.774277210235596,0.0009576000002197,64,4,0.8674074074074074,cikm_trace_3_10_3,10,3,1735.2231611259276
session_044_q15,10.943300247192385,0.0005861999998159,37,1,0.8095238095238095,cikm_trace_3_10_4,10,3,1203.7952681911522
session_030_q12,11.92717432975769,0.0006830999991507,47,3,0.8129032258064516,cikm_trace_3_10_5,10,3,1312.0267467732992
session_031_q37,7.868115901947021,0.0006855999999969,33,1,0.8407894736842105,cikm_trace_3_10_6,10,3,865.5304572141721
session_049_q10,12.009382724761965,0.000758800000767,25,0,0.7081967213114754,cikm_trace_3_10_7,10,3,1321.0738337238583
session_022_q15,11.145862340927124,0.0011088000010203,42,2,0.8592233009708737,cikm_trace_3_10_8,10,3,1226.1058415020398
session_019_q10,8.49360179901123,0.000701900000422,62,4,0.8916666666666666,cikm_trace_3_10_9,10,3,934.3348023912586
session_026_q29,16.25533938407898,0.0009782999986781,48,3,0.0,cikm_trace_4_10_0,10,4,1788.141138748615
session_038_q07,11.165828704833984,0.0008207999999285,39,2,0.0,cikm_trace_4_10_1,10,4,1228.2863015317344
session_011_q03,11.365832567214966,0.0007992999999259,51,3,0.0,cikm_trace_4_10_2,10,4,1250.2855438936422
session_037_q34,14.21107053756714,0.0007549000001744,42,2,0.768041237113402,cikm_trace_4_10_3,10,4,1563.259278632395
session_034_q19,15.607579469680786,0.000764500000514,68,4,0.899004975124378,cikm_trace_4_10_4,10,4,1716.8757891649147
session_006_q22,12.697075605392456,0.000789700000041,27,0,0.6551724137931034,cikm_trace_4_10_5,10,4,1396.7217500931724
session_041_q05,10.622149467468262,0.0008922999986679,74,4,0.8129629629629629,cikm_trace_4_10_6,10,4,1168.4855179214355
session_019_q32,11.38884210586548,0.000822899999548,55,3,0.8923728813559322,cikm_trace_4_10_7,10,4,1252.817891145178
session_009_q23,8.341257810592651,0.0006764999998266,26,0,0.7796610169491526,cikm_trace_4_10_8,10,4,917.5755666651821
session_049_q18,11.930187463760376,0.0008220000017899,76,4,0.791,cikm_trace_4_10_9,10,4,1312.3658310137398
session_013_q10,9.64696741104126,0.0006628000000999,41,2,0.0,cikm_trace_0_11_0,11,0,1061.202869214544
session_032_q18,10.235921382904053,0.0006279000008361,47,3,0.0,cikm_trace_0_11_1,11,0,1125.9858866194918
session_026_q32,16.27770757675171,0.0007076000001687,50,3,0.0,cikm_trace_0_11_2,11,0,1790.5867514426973
session_017_q08,10.32805585861206,0.0007836999993741,63,4,0.8596153846153847,cikm_trace_0_11_3,11,0,1136.1292479472922
session_029_q28,8.885894775390625,0.0006840999994892,32,1,0.8736263736263736,cikm_trace_0_11_4,11,0,977.4860507929407
session_005_q31,10.52618145942688,0.000727000000097,29,0,0.8341772151898734,cikm_trace_0_11_5,11,0,1157.9199455369621
session_024_q04,6.355666875839233,0.0008309000022563,31,1,0.7571428571428571,cikm_trace_0_11_6,11,0,699.1690558424398
session_002_q32,10.8656108379364,0.0009278999998513,53,3,0.8625,cikm_trace_0_11_7,11,0,1195.2682266729958
session_018_q22,9.081114768981934,0.0009046999994097,19,0,0.6560975609756097,cikm_trace_0_11_8,11,0,998.9723830879802
session_032_q23,13.70507025718689,0.0007146000007196,21,0,0.6187499999999999,cikm_trace_0_11_9,11,0,1507.5970312905974
session_032_q11,9.170124530792236,0.0007297000011021,50,3,0.9069565217391304,cikm_trace_0_11_10,11,0,1008.7538318872066
session_007_q08,9.847980499267578,0.0007521999996242,78,4,0.0,cikm_trace_1_11_0,11,1,1083.319225919413
session_042_q11,10.962228536605837,0.0009006000000225,71,4,0.0,cikm_trace_1_11_1,11,1,1205.8946720266433
session_001_q12,16.4483802318573,0.001052799999968,70,4,0.0,cikm_trace_1_11_2,11,1,1809.3797295043012
session_030_q22,11.059521913528442,0.0007890000015321,60,4,0.9122448979591836,cikm_trace_1_11_3,11,1,1216.590805488213
session_039_q01,10.350035905838013,0.0010641000008035,45,2,0.8627450980392157,cikm_trace_1_11_4,11,1,1138.5624751422256
session_013_q14,9.052340745925903,0.0009086000000023,68,4,0.8742268041237113,cikm_trace_1_11_5,11,1,995.8074550518495
session_013_q13,10.96795105934143,0.0006450000000767,45,2,0.7459016393442623,cikm_trace_1_11_6,11,1,1206.5100915275616
session_005_q37,7.0089216232299805,0.0006628000000999,21,0,0.8134615384615385,cikm_trace_1_11_7,11,1,771.0178325553034
session_017_q16,8.105714321136475,0.0006185000002005,43,2,0.84875,cikm_trace_1_11_8,11,1,891.6625928250232
session_017_q17,8.983738660812378,0.00065960000029,21,0,0.6719999999999999,cikm_trace_1_11_9,11,1,988.2475306893775
session_016_q21,10.589405536651611,0.0006924999997863,42,2,0.8305263157894737,cikm_trace_1_11_10,11,1,1164.8726965316655
session_042_q38,13.725996255874634,0.0009743000046,49,3,0.0,cikm_trace_2_11_0,11,2,1509.9131746464627
session_035_q34,16.390141487121582,0.0007729000008111,41,2,0.0,cikm_trace_2_11_1,11,2,1802.9580730834186
session_002_q36,8.277662992477417,0.0010217000000238,43,2,0.0,cikm_trace_2_11_2,11,2,910.5991226725172
session_010_q35,12.436243057250977,0.0007962999998197,43,2,0.8740157480314961,cikm_trace_2_11_3,11,2,1368.0305327975975
session_024_q38,12.297632694244385,0.0007812000021658,38,2,0.8171052631578948,cikm_trace_2_11_4,11,2,1352.7825623670014
session_008_q01,11.439744234085085,0.0007012999994911,50,3,0.7695121951219512,cikm_trace_2_11_5,11,2,1258.4104372493314
session_018_q17,10.724117279052734,0.0008365000003322,52,3,0.8504504504504504,cikm_trace_2_11_6,11,2,1179.698908195819
session_016_q35,12.037503957748411,0.0008127999999486,45,2,0.8826923076923077,cikm_trace_2_11_7,11,2,1324.1701393523224
session_023_q01,10.677166223526,0.0005682999999407,26,0,0.8273809523809523,cikm_trace_2_11_8,11,2,1174.5195410878566
session_048_q24,15.348559617996216,0.0008024000017029,54,3,0.807936507936508,cikm_trace_2_11_9,11,2,1688.3856899796774
session_016_q26,7.320101261138916,0.000691999999617,45,2,0.896969696969697,cikm_trace_2_11_10,11,2,805.2491987252597
session_014_q11,9.126080751419067,0.0006795000008423,45,2,0.0,cikm_trace_3_11_0,11,3,1003.9062551561437
session_005_q36,8.208940505981445,0.0008234000001721,37,1,0.0,cikm_trace_3_11_1,11,3,903.0287426579685
session_003_q16,16.426437377929688,0.0008674999999128,46,3,0.0,cikm_trace_3_11_2,11,3,1806.9558240722608
session_011_q16,10.349268198013306,0.0008244999999077,73,4,0.9305194805194804,cikm_trace_3_11_3,11,3,1138.4648492814586
session_036_q05,8.217862606048584,0.0007394000003841,49,3,0.9,cikm_trace_3_11_4,11,3,904.0055536653654
session_035_q40,14.32710027694702,0.0008619999989605,62,4,0.7880733944954128,cikm_trace_3_11_5,11,3,1576.028440464115
session_044_q14,15.066234350204468,0.0009805999980016,91,4,0.9119617224880384,cikm_trace_3_11_6,11,3,1657.3397115223815
session_004_q09,7.590373516082764,0.0008069000002704,64,4,0.8568421052631578,cikm_trace_3_11_7,11,3,834.9854662691189
session_041_q23,10.820499420166016,0.0007364000011875,37,1,0.8638297872340426,cikm_trace_3_11_8,11,3,1190.295438218327
session_019_q12,12.406682014465332,0.0007705999996687,39,2,0.8260416666666667,cikm_trace_3_11_9,11,3,1364.7774045911683
session_006_q03,6.164830446243286,0.0006937000002835,23,0,0.8984375,cikm_trace_3_11_10,11,3,678.1695025867771
session_045_q06,16.30022430419922,0.0008567000004404,46,3,0.0,cikm_trace_4_11_0,11,4,1793.0717919619383
session_038_q24,6.982588768005371,0.0007256999997479,46,3,0.0,cikm_trace_4_11_1,11,4,768.124677980577
session_013_q36,16.356271028518677,0.0009300000001529,71,4,0.0,cikm_trace_4_11_2,11,4,1799.2409631370629
session_007_q36,16.4407639503479,0.0008078999999269,33,1,0.8556603773584905,cikm_trace_4_11_3,11,4,1808.528469038265
session_042_q04,10.148418426513672,0.0007108999998307,57,4,0.8370786516853932,cikm_trace_4_11_4,11,4,1116.3651264164946
session_012_q10,8.674429178237915,0.0007715000001553,37,1,0.8613636363636363,cikm_trace_4_11_5,11,4,954.2296421061792
session_010_q31,9.79205870628357,0.0007789000001139,40,2,0.8222222222222222,cikm_trace_4_11_6,11,4,1077.169297191199
session_020_q10,6.543022155761719,0.0006792999993194,35,1,0.9172043010752688,cikm_trace_4_11_7,11,4,719.7697986337516
session_040_q26,11.600621461868286,0.0009148999997704,25,0,0.8,cikm_trace_4_11_8,11,4,1276.1186803054989
session_015_q01,7.578982353210449,0.0007080999994286,50,3,0.8582278481012658,cikm_trace_4_11_9,11,4,833.727004353118
session_047_q38,10.415045976638794,0.0007488999981432,33,1,0.7784810126582279,cikm_trace_4_11_10,11,4,1145.6962469301652
session_008_q10,16.860356330871582,0.0009173999997073,36,1,0.0,cikm_trace_5_11_0,11,5,1854.689653395858
session_037_q16,16.380115270614624,0.0011678999981085,46,3,0.0,cikm_trace_5_11_1,11,5,1801.8769142675046
session_004_q02,16.589867115020752,0.0008346000001892,53,3,0.0,cikm_trace_5_11_2,11,5,1824.9312856522931
session_033_q19,12.449753999710085,0.0010813000026245,78,4,0.9402061855670104,cikm_trace_5_11_3,11,5,1369.5324114682537
session_027_q21,9.109838485717772,0.0008291000012831,42,2,0.8512195121951219,cikm_trace_5_11_4,11,5,1002.1278339290254
session_047_q01,13.109840869903564,0.0007697000000916,32,1,0.6258064516129032,cikm_trace_5_11_5,11,5,1442.1248291893971
session_031_q31,10.802150964736938,0.0007779999996272,82,4,0.9346590909090908,cikm_trace_5_11_6,11,5,1188.2793961210427
session_016_q32,13.862913608551024,0.0007921999995232,52,3,0.7826530612244897,cikm_trace_5_11_7,11,5,1524.9640679405863
session_022_q04,8.351531982421875,0.000691999999617,35,1,0.796875,cikm_trace_5_11_8,11,5,918.7065780663852
session_013_q12,8.867315530776978,0.0007785999996484,54,3,0.832258064516129,cikm_trace_5_11_9,11,5,975.4475313854482
session_012_q05,12.561105489730837,0.0008926000000426,65,4,0.8942028985507247,cikm_trace_5_11_10,11,5,1381.7706968703944
session_004_q03,15.207976818084717,0.0008018000000901,63,4,0.0,cikm_trace_6_11_0,11,6,1672.9215489893238
session_048_q10,16.524906158447266,0.0009098000045923,65,4,0.0,cikm_trace_6_11_1,11,6,1817.7897164294518
session_045_q27,16.5485417842865,0.0007103999996615,57,4,0.0,cikm_trace_6_11_2,11,6,1820.3786682714963
session_021_q24,8.176099300384521,0.0006391999995685,40,2,0.8466666666666667,cikm_trace_6_11_3,11,6,899.4060790422736
session_011_q24,12.157312870025637,0.0007889999997132,38,2,0.7361111111111112,cikm_trace_6_11_4,11,6,1337.3478107028043
session_016_q38,7.156029224395752,0.000641199999336,20,0,0.8211538461538461,cikm_trace_6_11_5,11,6,787.1984806834962
session_038_q03,12.97603726387024,0.0007308999993255,37,1,0.7900990099009901,cikm_trace_6_11_6,11,6,1427.4042985256892
session_034_q09,12.462063789367676,0.0007736000006843,64,4,0.8604838709677419,cikm_trace_6_11_7,11,6,1370.869564830482
session_033_q17,10.272102355957031,0.0007289999994099,39,2,0.8077922077922077,cikm_trace_6_11_8,11,6,1129.971354155241
session_044_q10,10.238523960113524,0.0007212999989859,37,1,0.8131578947368421,cikm_trace_6_11_9,11,6,1126.2773071124318
session_002_q31,6.863364934921265,0.0007736999999678,27,0,0.7702127659574468,cikm_trace_6_11_10,11,6,755.0126963413373
session_005_q08,16.043965339660645,0.0008961999999428,54,3,0.0,cikm_trace_7_11_0,11,7,1764.8854783626678
session_048_q31,16.38313889503479,0.0007909000014478,40,2,0.0,cikm_trace_7_11_1,11,7,1802.1887779539065
session_021_q36,12.035956382751465,0.0010383999997429,76,4,0.0,cikm_trace_7_11_2,11,7,1324.012314102647
session_027_q19,12.322209596633911,0.0007261999999172,31,1,0.675,cikm_trace_7_11_3,11,7,1355.4829966297257
session_010_q36,15.774277210235596,0.0009576000002197,64,4,0.8674074074074074,cikm_trace_7_11_4,11,7,1735.2231611259276
session_049_q02,11.757622718811035,0.0010744999999587,44,2,0.818,cikm_trace_7_11_5,11,7,1293.3975965692116
session_009_q07,8.006464719772339,0.00078110000004,24,0,0.75,cikm_trace_7_11_6,11,7,880.7540796749595
session_012_q32,10.383445262908936,0.0007430999994539,50,3,0.9158730158730158,cikm_trace_7_11_7,11,7,1142.2198494199529
session_023_q03,6.587906837463379,0.0006195999994815,26,0,0.8216666666666667,cikm_trace_7_11_8,11,7,724.7038301209432
session_020_q36,10.308822393417358,0.0009150000005319,47,3,0.8489583333333333,cikm_trace_7_11_9,11,7,1134.0207882759387
session_034_q24,15.58235788345337,0.0007455999984812,46,3,0.5943661971830986,cikm_trace_7_11_10,11,7,1714.100375179787
session_043_q21,12.104149580001833,0.0008004000010259,60,4,0.0,cikm_trace_8_11_0,11,8,1331.500475800258
session_017_q36,16.479867935180664,0.0013420999994195,75,4,0.0,cikm_trace_8_11_1,11,8,1812.8592883698411
session_042_q40,7.546777725219727,0.0006974000025365,27,0,0.0,cikm_trace_8_11_2,11,8,830.1839067743094
session_003_q13,14.977104902267456,0.000800499999741,60,4,0.8562962962962963,cikm_trace_8_11_3,11,8,1647.525566749406
session_009_q25,15.450143098831177,0.0007871999996495,36,1,0.590625,cikm_trace_8_11_4,11,8,1699.5590368714102
session_026_q10,13.6807599067688,0.0007253000003401,32,1,0.7880952380952381,cikm_trace_8_11_5,11,8,1504.9234812445868
session_025_q07,9.406515836715698,0.0006348999995679,26,0,0.9111111111111112,cikm_trace_8_11_6,11,8,1034.751661538703
session_039_q29,10.455994129180908,0.0008087000023806,58,4,0.8870967741935484,cikm_trace_8_11_7,11,8,1150.2038327100308
session_018_q40,10.542493104934692,0.0006816000004618,45,2,0.8872881355932203,cikm_trace_8_11_8,11,8,1159.7117295428416
session_048_q21,15.084757804870604,0.0007526000008509,73,4,0.8818181818181818,cikm_trace_8_11_9,11,8,1659.3647515358132
session_002_q17,12.477469205856323,0.0008525000000645,52,3,0.8450819672131147,cikm_trace_8_11_10,11,8,1372.568500144199
session_022_q23,7.800121545791626,0.0007709999990764,26,0,0.0,cikm_trace_0_12_0,12,0,858.0557750370281
session_016_q17,16.683419942855835,0.0009792000000742,87,4,0.0,cikm_trace_0_12_1,12,0,1835.230049714146
session_001_q16,15.080503702163696,0.0009167999999987,45,2,0.0,cikm_trace_0_12_2,12,0,1658.9058312380066
session_018_q35,6.769458532333374,0.0007421999980578,28,0,0.79,cikm_trace_0_12_3,12,0,744.6812595565643
session_019_q16,10.880440711975098,0.0010072999994008,38,2,0.777027027027027,cikm_trace_0_12_4,12,0,1196.9038798172278
session_034_q28,9.14448881149292,0.0007599000018671,45,2,0.8278481012658228,cikm_trace_0_12_5,12,0,1005.9355637643239
session_045_q31,10.08837342262268,0.0007178999985625,56,3,0.8983193277310925,cikm_trace_0_12_6,12,0,1109.7605609884158
session_046_q36,12.011030673980711,0.0009381000018037,35,1,0.8325,cikm_trace_0_12_7,12,0,1321.2649696379774
session_020_q36,10.308822393417358,0.0009150000005319,47,3,0.8489583333333333,cikm_trace_0_12_8,12,0,1134.0207882759387
session_038_q32,11.34048557281494,0.0007465999951818,51,3,0.9393939393939394,cikm_trace_0_12_9,12,0,1247.4944760093783
session_039_q36,12.326557159423828,0.0008511000014549,47,3,0.808910891089109,cikm_trace_0_12_10,12,0,1355.9680980367011
session_044_q34,15.062177181243896,0.0007621000004291,45,2,0.86484375,cikm_trace_0_12_11,12,0,1656.8814054368522
session_043_q29,13.290075540542604,0.0007494000019505,41,2,0.0,cikm_trace_1_12_0,12,1,1461.9495264597938
session_005_q28,16.587751150131226,0.0008034000002226,51,3,0.0,cikm_trace_1_12_1,12,1,1824.696813514447
session_028_q25,16.581213235855103,0.0008043999987421,60,4,0.0,cikm_trace_1_12_2,12,1,1823.977697943992
session_040_q23,13.083367824554443,0.0008275000000137,41,2,0.8528455284552845,cikm_trace_1_12_3,12,1,1439.2159732009895
session_029_q03,8.337920188903809,0.0008645999987493,43,2,0.7774647887323943,cikm_trace_1_12_4,12,1,917.2187737793502
session_017_q16,8.105714321136475,0.0006185000002005,43,2,0.84875,cikm_trace_1_12_5,12,1,891.6625928250232
session_001_q24,9.396336317062378,0.0009195000000089,43,2,0.9072072072072072,cikm_trace_1_12_6,12,1,1033.647567376862
session_007_q01,10.795923233032228,0.0008271999995485,34,1,0.8085365853658537,cikm_trace_1_12_7,12,1,1187.5970516335203
session_040_q40,8.108940362930298,0.0006413000010069,30,0,0.7833333333333333,cikm_trace_1_12_8,12,1,892.0187114223882
session_001_q06,12.101815938949583,0.0008484999999893,53,3,0.8728,cikm_trace_1_12_9,12,1,1331.2464207844534
session_032_q23,13.70507025718689,0.0007146000007196,21,0,0.6187499999999999,cikm_trace_1_12_10,12,1,1507.5970312905974
session_016_q11,9.385522603988647,0.0006652000001849,26,0,0.8338028169014085,cikm_trace_1_12_11,12,1,1032.4440724387614
session_010_q38,12.616759777069092,0.0007387999994533,52,3,0.0,cikm_trace_2_12_0,12,2,1387.88420947757
session_023_q24,7.750739336013794,0.0007818000012775,33,1,0.0,cikm_trace_2_12_1,12,2,852.6243259615876
session_043_q21,12.104149580001833,0.0008004000010259,60,4,0.0,cikm_trace_2_12_2,12,2,1331.500475800258
session_040_q24,10.773990869522097,0.001251299996511,38,2,0.825925925925926,cikm_trace_2_12_3,12,2,1185.2078171472388
session_045_q23,9.368241548538208,0.0006147000021882,22,0,0.7840579710144928,cikm_trace_2_12_4,12,2,1030.5403788393232
session_045_q32,9.517277956008911,0.0006749999993189,31,1,0.7263157894736842,cikm_trace_2_12_5,12,2,1046.9377001609428
session_001_q06,12.101815938949583,0.0008484999999893,53,3,0.8728,cikm_trace_2_12_6,12,2,1331.2464207844534
session_018_q12,13.583832502365112,0.0007561999991592,65,4,0.8336363636363636,cikm_trace_2_12_7,12,2,1494.2631662601161
session_036_q38,11.142685413360596,0.0006403999977919,33,1,0.6535714285714285,cikm_trace_2_12_8,12,2,1225.730617469544
session_023_q19,13.327791929244995,0.0008684999993419,59,4,0.8141592920353982,cikm_trace_2_12_9,12,2,1466.1048797169133
session_008_q17,13.011844635009766,0.0007873999998081,35,1,0.6451612903225806,cikm_trace_2_12_10,12,2,1431.3462168510637
session_021_q32,13.842453718185425,0.0009695000026112,48,3,0.7518072289156627,cikm_trace_2_12_11,12,2,1522.7232315005404
session_011_q03,11.365832567214966,0.0007992999999259,51,3,0.0,cikm_trace_3_12_0,12,3,1250.2855438936422
session_021_q18,16.93674063682556,0.0007853000006434,75,4,0.0,cikm_trace_3_12_1,12,3,1863.0846615508472
session_032_q25,11.41227960586548,0.000655200001347,20,0,0.0,cikm_trace_3_12_2,12,3,1255.386792645277
session_043_q30,9.73227047920227,0.0008865999989211,67,4,0.9468354430379748,cikm_trace_3_12_3,12,3,1070.5985157121904
session_039_q28,9.13971185684204,0.0006377000026986,22,0,0.6755555555555555,cikm_trace_3_12_4,12,3,1005.4033777527727
session_030_q01,13.079077959060667,0.000766499999372,56,3,0.7617021276595745,cikm_trace_3_12_5,12,3,1438.7407329966388
session_024_q25,9.70974612236023,0.0006933000004209,27,0,0.716,cikm_trace_3_12_6,12,3,1068.1102049596484
session_046_q09,9.211138725280762,0.0007599999989906,55,3,0.9395348837209302,cikm_trace_3_12_7,12,3,1013.2670597808283
session_027_q15,11.614753246307371,0.0007998000000952,51,3,0.9057142857142856,cikm_trace_3_12_8,12,3,1277.666846093816
session_049_q22,5.855704784393311,0.0005810999973618,24,0,0.8705882352941177,cikm_trace_3_12_9,12,3,644.1594867831192
session_004_q18,11.37088131904602,0.000770599999896,51,3,0.8696296296296296,cikm_trace_3_12_10,12,3,1250.8393280950565
session_009_q14,10.010926246643066,0.0006672999998044,51,3,0.9652173913043478,cikm_trace_3_12_11,12,3,1101.2385886307266
session_033_q39,7.071853160858154,0.0006425000010494,30,0,0.0,cikm_trace_0_13_0,13,0,777.9391851944547
session_030_q03,16.355515003204346,0.0007363999993685,37,1,0.0,cikm_trace_0_13_1,13,0,1799.1471523524433
session_031_q05,8.190815210342407,0.0007112999992385,38,2,0.0,cikm_trace_0_13_2,13,0,901.0287946376229
session_017_q15,13.50224256515503,0.0006803000005674,32,1,0.8224719101123595,cikm_trace_0_13_3,13,0,1485.2840986670844
session_013_q26,12.247507095336914,0.0008057000004554,32,1,0.8011904761904762,cikm_trace_0_13_4,13,0,1347.2700939870856
session_030_q38,6.647175550460815,0.0006055000012565,30,0,0.8596774193548387,cikm_trace_0_13_5,13,0,731.2226130507588
session_030_q13,9.390003442764282,0.0007434000017383,63,4,0.9425675675675677,cikm_trace_0_13_6,13,0,1032.9412657041667
session_035_q38,12.785642385482788,0.0008266999993793,42,2,0.8619834710743801,cikm_trace_0_13_7,13,0,1406.4661309030726
session_033_q06,8.424901962280273,0.0006637000005866,32,1,0.8093333333333333,cikm_trace_0_13_8,13,0,926.7757193508623
session_041_q07,10.4807391166687,0.0009119999995163,82,4,0.8837209302325582,cikm_trace_0_13_9,13,0,1152.9314628335303
session_045_q34,9.178107976913452,0.0006715000054099,37,1,0.8887640449438202,cikm_trace_0_13_10,13,0,1009.6288099607773
session_046_q22,10.983363389968872,0.0006776999980501,41,2,0.7,cikm_trace_0_13_11,13,0,1208.2072463964687
session_005_q16,10.444239854812622,0.0010722000001805,111,4,0.9083870967741936,cikm_trace_0_13_12,13,0,1148.9253550293984
session_040_q25,16.38887310028076,0.0013426999976217,73,4,0.0,cikm_trace_1_13_0,13,1,1802.849889530753
session_024_q02,12.142393589019775,0.0008261000020865,53,3,0.0,cikm_trace_1_13_1,13,1,1335.70873029229
session_029_q34,16.29693865776062,0.0008504000015818,46,3,0.0,cikm_trace_1_13_2,13,1,1792.7100243537552
session_038_q27,9.73729419708252,0.0007035000016912,49,3,0.8735294117647059,cikm_trace_1_13_3,13,1,1071.1410541791702
session_019_q08,9.46902847290039,0.0005906000005779,39,2,0.8353658536585366,cikm_trace_1_13_4,13,1,1041.6256150190748
session_024_q14,11.894816637039185,0.0006876999996165,42,2,0.7408450704225351,cikm_trace_1_13_5,13,1,1308.4676535742892
session_047_q17,11.911336660385132,0.0007003999999141,43,2,0.82,cikm_trace_1_13_6,13,1,1310.2855546423598
session_014_q19,7.858148813247681,0.0007552000006398,20,0,0.8137254901960784,cikm_trace_1_13_7,13,1,864.4379054572801
session_048_q27,6.339598655700684,0.0007994999978108,38,2,0.8925373134328358,cikm_trace_1_13_8,13,1,697.3998246269548
session_050_q16,13.345106363296509,0.0007356999994952,42,2,0.8783333333333333,cikm_trace_1_13_9,13,1,1468.0021634625882
session_027_q14,8.439423084259033,0.0006367999994836,55,3,0.9141666666666668,cikm_trace_1_13_10,13,1,928.3715632684653
session_035_q39,8.685419797897339,0.0008606000010331,43,2,0.8266666666666667,cikm_trace_1_13_11,13,1,955.4435107687641
session_048_q32,9.95513391494751,0.0007420000001729,32,1,0.8549450549450549,cikm_trace_1_13_12,13,1,1095.1055406442356
session_013_q08,11.8996319770813,0.000686599999426,30,0,0.0,cikm_trace_2_13_0,13,2,1308.9972804789115
session_046_q03,9.503642797470093,0.0007647999991603,56,3,0.0,cikm_trace_2_13_1,13,2,1045.442771721664
session_040_q19,14.583491802215576,0.0008522999996784,34,1,0.0,cikm_trace_2_13_2,13,2,1604.2309747436957
session_034_q37,11.26731276512146,0.0007925000008981,41,2,0.8170212765957446,cikm_trace_2_13_3,13,2,1239.44799166341
session_028_q35,14.533338785171509,0.0008417999997617,41,2,0.7864583333333334,cikm_trace_2_13_4,13,2,1598.7135653688529
session_005_q25,7.209255695343018,0.0009092000000236,61,4,0.975483870967742,cikm_trace_2_13_5,13,2,793.0681324877332
session_010_q27,16.310632944107056,0.0008976999997684,49,3,0.8755102040816326,cikm_trace_2_13_6,13,2,1794.2189973517634
session_036_q12,11.022369861602783,0.0008270999987871,44,2,0.8467391304347827,cikm_trace_2_13_7,13,2,1212.5061752762394
session_005_q15,10.22339963912964,0.0007802999998602,40,2,0.744,cikm_trace_2_13_8,13,2,1124.6168768042528
session_031_q18,9.769375085830688,0.0006943999997019,32,1,0.848780487804878,cikm_trace_2_13_9,13,2,1074.6694514413593
session_026_q05,7.958924770355225,0.0007000999994488,46,3,0.8709677419354839,cikm_trace_2_13_10,13,2,875.5202302390444
session_037_q23,15.71484923362732,0.0009823000000323,71,4,0.8632352941176471,cikm_trace_2_13_11,13,2,1728.687442199007
session_023_q02,10.780187368392944,0.0006260999998629,56,3,0.834020618556701,cikm_trace_2_13_12,13,2,1185.8550460232163
session_040_q34,10.782525300979614,0.000642199996946,26,0,0.0,cikm_trace_3_13_0,13,3,1186.1131041075896
session_035_q04,16.568846940994263,0.0008635000012872,75,4,0.0,cikm_trace_3_13_1,13,3,1822.6206560094397
session_027_q34,16.56082510948181,0.0006287999985941,39,2,0.0,cikm_trace_3_13_2,13,3,1821.725346042922
session_046_q06,12.138565301895142,0.0008439000012002,32,1,0.8326086956521739,cikm_trace_3_13_3,13,3,1335.2885977085316
session_023_q36,11.372375726699827,0.0007533999996666,41,2,0.8833333333333333,cikm_trace_3_13_4,13,3,1251.0027669369626
session_008_q17,13.011844635009766,0.0007873999998081,35,1,0.6451612903225806,cikm_trace_3_13_5,13,3,1431.3462168510637
session_013_q38,7.052299737930298,0.0006647999998675,27,0,0.8597222222222223,cikm_trace_3_13_6,13,3,775.7895351723255
session_021_q35,5.145616769790649,0.0007474999983969,25,0,0.8824561403508772,cikm_trace_3_13_7,13,3,566.0589571768833
session_012_q08,8.872157335281372,0.0007565000014437,44,2,0.7135593220338983,cikm_trace_3_13_8,13,3,975.9789143810303
session_015_q17,8.266838550567627,0.0006652000001849,19,0,0.6533333333333333,cikm_trace_3_13_9,13,3,909.3888265624491
session_033_q12,9.823283195495604,0.0006698000015602,31,1,0.7619047619047619,cikm_trace_3_13_10,13,3,1080.5979905046022
session_023_q26,10.623825311660768,0.0008598000003984,30,0,0.8273809523809523,cikm_trace_3_13_11,13,3,1168.6680732827065
session_042_q33,12.66844654083252,0.0010153999974136,23,0,0.6499999999999999,cikm_trace_3_13_12,13,3,1393.584966491435
session_004_q34,13.187309980392456,0.0007976000001689,38,2,0.0,cikm_trace_4_13_0,13,4,1450.6479658431795
session_045_q03,11.431167840957642,0.0008266000004367,52,3,0.0,cikm_trace_4_13_1,13,4,1257.4739255053646
session_015_q28,16.540553331375122,0.0007857000000512,57,4,0.0,cikm_trace_4_13_2,13,4,1819.5040799512662
session_018_q13,11.22620701789856,0.0007123000004867,23,0,0.7145454545454546,cikm_trace_4_13_3,13,4,1234.9219484688683
session_047_q18,11.016056060791016,0.0006893999998282,43,2,0.8145631067961165,cikm_trace_4_13_4,13,4,1211.8040836870023
session_009_q40,17.019919395446777,0.0008536000004823,44,2,0.7732673267326733,cikm_trace_4_13_5,13,4,1872.238081499172
session_025_q02,12.459615230560305,0.000695299999279,34,1,0.7767441860465116,cikm_trace_4_13_6,13,4,1370.5959168615939
session_046_q02,11.23623514175415,0.0007895999988249,48,3,0.8672268907563025,cikm_trace_4_13_7,13,4,1236.029293592892
session_046_q36,12.011030673980711,0.0009381000018037,35,1,0.8325,cikm_trace_4_13_8,13,4,1321.2649696379774
session_012_q36,10.988221883773804,0.0008103000000117,24,0,0.5704545454545453,cikm_trace_4_13_9,13,4,1208.748973715119
session_021_q06,8.979807376861572,0.0007085999986884,37,1,0.8197530864197531,cikm_trace_4_13_10,13,4,987.8177844547008
session_007_q04,13.643060684204102,0.0009227999998983,53,3,0.8669354838709677,cikm_trace_4_13_11,13,4,1500.7874292624456
session_028_q33,10.761733531951904,0.0007323000008909,32,1,0.7294117647058823,cikm_trace_4_13_12,13,4,1183.8309650147585
session_036_q36,11.296143531799316,0.0006149000000731,24,0,0.0,cikm_trace_0_14_0,14,0,1242.6096079979288
session_030_q11,11.742445230484009,0.0007599000000481,55,3,0.0,cikm_trace_0_14_1,14,0,1291.7107698532436
session_006_q40,16.866991996765137,0.0008966999998846,55,3,0.0,cikm_trace_0_14_2,14,0,1855.4184381441587
session_020_q18,10.16711926460266,0.0007436999985656,62,4,0.0,cikm_trace_0_14_3,14,0,1118.4240226062136
session_034_q06,10.360172033309937,0.0005528000001504,26,0,0.7037037037037037,cikm_trace_0_14_4,14,0,1139.6493276641013
session_032_q15,8.221967458724976,0.000698400001056,46,3,0.8432098765432099,cikm_trace_0_14_5,14,0,904.4548324598054
session_013_q27,6.266231298446655,0.0006889000005685,43,2,0.8935064935064935,cikm_trace_0_14_6,14,0,689.3233323291633
session_029_q32,9.779650211334229,0.0009155999996437,45,2,0.7644736842105263,cikm_trace_0_14_7,14,0,1075.8118812467455
session_045_q08,8.247365951538086,0.0007549999972979,45,2,0.8534883720930233,cikm_trace_0_14_8,14,0,907.2517796690408
session_002_q11,14.862393617630005,0.0011961999999812,54,3,0.8026548672566372,cikm_trace_0_14_9,14,0,1634.9290889392994
session_016_q11,9.385522603988647,0.0006652000001849,26,0,0.8338028169014085,cikm_trace_0_14_10,14,0,1032.4440724387614
session_048_q09,8.072221279144287,0.0007153999977162,53,3,0.8760869565217391,cikm_trace_0_14_11,14,0,887.983687705746
session_010_q39,9.170918703079224,0.0006447000005209,36,1,0.7483870967741935,cikm_trace_0_14_12,14,0,1008.8365158387433
session_010_q35,12.436243057250977,0.0007962999998197,43,2,0.8740157480314961,cikm_trace_0_14_13,14,0,1368.0305327975975
session_017_q09,13.810062646865845,0.00079580000056,55,3,0.0,cikm_trace_1_14_0,14,1,1519.1506601552737
session_045_q05,16.728237867355347,0.0009823000036703,129,4,0.0,cikm_trace_1_14_1,14,1,1840.16019190929
session_048_q30,16.457834482192993,0.000714899997547,46,3,0.0,cikm_trace_1_14_2,14,1,1810.4011125410943
session_016_q02,13.581437587738035,0.0009165000001302,78,4,0.0,cikm_trace_1_14_3,14,1,1494.008542151191
session_001_q18,13.374515295028688,0.000870500000019,64,4,0.9357142857142856,cikm_trace_1_14_4,14,1,1471.2445599531568
session_008_q20,16.3004891872406,0.0008459000000584,42,2,0.7950819672131147,cikm_trace_1_14_5,14,1,1793.1003350964693
session_041_q16,6.679759740829468,0.0006939999984751,27,0,0.8411764705882353,cikm_trace_1_14_6,14,1,734.8117414911576
session_037_q39,9.91957664489746,0.0006425999999919,36,1,0.7811594202898551,cikm_trace_1_14_7,14,1,1091.18877393872
session_046_q02,11.23623514175415,0.0007895999988249,48,3,0.8672268907563025,cikm_trace_1_14_8,14,1,1236.029293592892
session_006_q07,12.483416318893433,0.0009336000002803,48,3,0.7481012658227848,cikm_trace_1_14_9,14,1,1373.227143078293
session_010_q18,7.200064897537232,0.0007307999994736,26,0,0.832258064516129,cikm_trace_1_14_10,14,1,792.0473327290666
session_018_q39,12.25687336921692,0.0006153999984234,31,1,0.9136054421768708,cikm_trace_1_14_11,14,1,1348.2899176137746
session_048_q01,10.4958758354187,0.000860800002556,56,3,0.8864406779661017,cikm_trace_1_14_12,14,1,1154.5936858961975
session_001_q28,13.763157606124878,0.0019987000000014,68,4,0.915032679738562,cikm_trace_1_14_13,14,1,1514.0572651737366
session_041_q14,16.931736946105957,0.0009358999959658,54,3,0.0,cikm_trace_2_14_0,14,2,1862.5425385714334
session_011_q03,11.365832567214966,0.0007992999999259,51,3,0.0,cikm_trace_2_14_1,14,2,1250.2855438936422
session_015_q03,16.350507020950317,0.0010103999993588,42,2,0.0,cikm_trace_2_14_2,14,2,1798.6113443044997
session_036_q03,14.8588969707489,0.0007807000001775,44,2,0.0,cikm_trace_2_14_3,14,2,1634.5216052823887
session_034_q28,9.14448881149292,0.0007599000018671,45,2,0.8278481012658228,cikm_trace_2_14_4,14,2,1005.9355637643239
session_029_q24,8.723467111587524,0.0007973000010679,48,3,0.9102803738317756,cikm_trace_2_14_5,14,2,959.6252337746864
session_041_q28,15.146475791931152,0.0007981999988259,52,3,0.8418604651162791,cikm_trace_2_14_6,14,2,1666.1562381123622
session_021_q28,10.701650857925417,0.0006850000008852,44,2,0.8489795918367347,cikm_trace_2_14_7,14,2,1177.2192693718446
session_044_q06,12.380569458007812,0.0006874999999126,28,0,0.62,cikm_trace_2_14_8,14,2,1361.9004528808546
session_002_q06,11.623835802078249,0.0011909000000968,59,4,0.8669565217391304,cikm_trace_2_14_9,14,2,1278.6874377286126
session_026_q30,10.591519832611084,0.0007549999991169,52,3,0.8829268292682927,cikm_trace_2_14_10,14,2,1165.1087065871707
session_028_q26,9.497527837753296,0.0007310000000869,38,2,0.8847826086956522,cikm_trace_2_14_11,14,2,1044.7682671528673
session_032_q15,8.221967458724976,0.000698400001056,46,3,0.8432098765432099,cikm_trace_2_14_12,14,2,904.4548324598054
session_017_q12,9.827969074249268,0.0005817999999635,28,0,0.8426666666666667,cikm_trace_2_14_13,14,2,1081.1085971674174
session_046_q03,9.503642797470093,0.0007647999991603,56,3,0.0,cikm_trace_0_15_0,15,0,1045.442771721664
session_015_q38,13.3051438331604,0.0010589999992588,111,4,0.0,cikm_trace_0_15_1,15,0,1463.6240666476033
session_032_q02,11.010753870010376,0.0006365999997796,30,0,0.0,cikm_trace_0_15_2,15,0,1211.2179387011292
session_030_q32,9.05062747001648,0.0007672000010641,36,1,0.0,cikm_trace_0_15_3,15,0,995.6112177018713
session_002_q26,7.396116733551025,0.0007841000000325,32,1,0.835,cikm_trace_0_15_4,15,0,813.6159661906146
session_047_q04,9.348926544189451,0.0008111000024655,29,0,0.7785714285714286,cikm_trace_0_15_5,15,0,1028.4265303609752
session_009_q05,11.394392490386965,0.0008036000003811,49,3,0.8739837398373984,cikm_trace_0_15_6,15,0,1253.4273719425871
session_022_q25,9.33469533920288,0.0007576000007247,43,2,0.9077586206896552,cikm_trace_0_15_7,15,0,1026.8581553123568
session_036_q33,6.517671823501587,0.0006275000014283,22,0,0.8269230769230769,cikm_trace_0_15_8,15,0,716.9784130852531
session_044_q09,6.108716011047363,0.0005771000032836,25,0,0.7953488372093023,cikm_trace_0_15_9,15,0,671.9905017153906
session_026_q36,11.269437074661257,0.000684500000716,49,3,0.8631067961165049,cikm_trace_0_15_10,15,0,1239.6757257127776
session_015_q13,15.501893281936646,0.000788100000136,69,4,0.9011173184357542,cikm_trace_0_15_11,15,0,1705.2516065130385
session_036_q19,10.477485418319702,0.0010070999996969,66,4,0.883206106870229,cikm_trace_0_15_12,15,0,1152.5787865151506
session_021_q22,8.253228425979614,0.0007559999994555,35,1,0.9135922330097088,cikm_trace_0_15_13,15,0,907.8967068577276
session_023_q20,9.885727643966677,0.0007588999997096,27,0,0.8111111111111111,cikm_trace_0_15_14,15,0,1087.4717803363185
session_013_q16,9.515503883361816,0.0007263000006786,39,2,0.0,cikm_trace_1_15_0,15,1,1046.7453736698371
session_023_q27,6.580693006515503,0.0007287000007635,47,3,0.0,cikm_trace_1_15_1,15,1,723.9163092167473
session_004_q21,12.691898822784424,0.0011042999999517,44,2,0.0,cikm_trace_1_15_2,15,1,1396.169607006284
session_031_q27,14.060442209243774,0.0008154999995894,61,4,0.0,cikm_trace_1_15_3,15,1,1546.6934955167926
session_011_q36,9.18870759010315,0.000825000000077,73,4,0.8966386554621848,cikm_trace_1_15_4,15,1,1010.8032099113507
session_039_q13,16.245770931243896,0.0008340999993378,42,2,0.8252336448598131,cikm_trace_1_15_5,15,1,1787.0806779367922
session_008_q08,13.793988466262816,0.0009909000000334,49,3,0.8315789473684211,cikm_trace_1_15_6,15,1,1517.3932307889115
session_004_q33,7.122694253921509,0.0006429000000024,25,0,0.8553571428571428,cikm_trace_1_15_7,15,1,783.5317274313661
session_012_q01,14.089359045028688,0.0006781000001864,24,0,0.7347826086956522,cikm_trace_1_15_8,15,1,1549.866790453166
session_012_q28,6.884884357452393,0.0008282000007965,55,3,0.9403508771929824,cikm_trace_1_15_9,15,1,757.382830319807
session_032_q27,11.695579051971436,0.0008664000015414,32,1,0.7689655172413793,cikm_trace_1_15_10,15,1,1286.5613477169427
session_010_q32,7.170539855957031,0.0008202999997591,66,4,0.8962962962962963,cikm_trace_1_15_11,15,1,788.8045006552602
session_018_q31,8.462399005889893,0.0007411999995383,33,1,0.8263888888888888,cikm_trace_1_15_12,15,1,930.9046566478628
session_042_q10,9.438721656799316,0.0006912999997437,35,1,0.7879310344827586,cikm_trace_1_15_13,15,1,1038.2974037479107
session_036_q16,7.334360599517822,0.0006806000001233,32,1,0.8387096774193549,cikm_trace_1_15_14,15,1,806.8170989469672
session_017_q04,13.04746675491333,0.0009215000000039,82,4,0.0,cikm_trace_2_15_0,15,2,1435.2720255404665
session_037_q32,15.287920951843262,0.0009381000018038,34,1,0.0,cikm_trace_2_15_1,15,2,1681.722900202858
session_006_q29,16.252304315567017,0.0008150000003297,35,1,0.0,cikm_trace_2_15_2,15,2,1787.79829971239
session_040_q25,16.38887310028076,0.0013426999976217,73,4,0.0,cikm_trace_2_15_3,15,2,1802.849889530753
session_027_q06,9.00423789024353,0.0005812999988847,38,2,0.8053333333333333,cikm_trace_2_15_4,15,2,990.498139426727
session_035_q20,15.55466890335083,0.0009012999980768,84,4,0.8835820895522388,cikm_trace_2_15_5,15,2,1711.0631508684855
session_049_q17,16.389815092086792,0.0007604999991599,36,1,0.6876543209876542,cikm_trace_2_15_6,15,2,1802.921487629501
session_018_q25,13.511172771453856,0.0007748999996692,45,2,0.8377358490566038,cikm_trace_2_15_7,15,2,1486.271624359906
session_050_q01,13.718913793563845,0.0007558000033895,45,2,0.7863157894736842,cikm_trace_2_15_8,15,2,1509.1220862922094
session_012_q01,14.089359045028688,0.0006781000001864,24,0,0.7347826086956522,cikm_trace_2_15_9,15,2,1549.866790453166
session_007_q20,11.51183271408081,0.0007996999993337,44,2,0.8244897959183674,cikm_trace_2_15_10,15,2,1266.3455820488525
session_021_q21,13.264236211776732,0.0007673000000067,53,3,0.7402597402597402,cikm_trace_2_15_11,15,2,1459.1081847954408
session_003_q12,12.421935319900513,0.000881000000163,60,4,0.8723880597014926,cikm_trace_2_15_12,15,2,1366.4613401890654
session_009_q23,8.341257810592651,0.0006764999998266,26,0,0.7796610169491526,cikm_trace_2_15_13,15,2,917.5755666651821
session_046_q31,12.56386137008667,0.0007917000039014,56,3,0.8586776859504133,cikm_trace_2_15_14,15,2,1382.0682942097483
session_006_q24,16.327019214630127,0.000810800000181,48,3,0.0,cikm_trace_0_16_0,16,0,1796.016707609324
session_047_q23,5.305906295776367,0.0006767000013495,21,0,0.0,cikm_trace_0_16_1,16,0,583.6869110354746
session_006_q25,12.346867084503174,0.0007605000005241,38,2,0.0,cikm_trace_0_16_2,16,0,1358.197206795378
session_048_q34,14.964512586593628,0.0006963000014365,52,3,0.0,cikm_trace_0_16_3,16,0,1646.134681025378
session_041_q05,10.622149467468262,0.0008922999986679,74,4,0.8129629629629629,cikm_trace_0_16_4,16,0,1168.4855179214355
session_014_q25,10.41854190826416,0.0007204000003184,33,1,0.7652777777777777,cikm_trace_0_16_5,16,0,1146.0792319090751
session_022_q10,15.635952711105348,0.0007175000009737,56,3,0.7991304347826087,cikm_trace_0_16_6,16,0,1719.994260721642
session_012_q12,9.091144561767578,0.0007551999997303,30,0,0.7545454545454545,cikm_trace_0_16_7,16,0,1000.0674377944188
session_003_q27,10.810102701187134,0.000816300000224,26,0,0.6,cikm_trace_0_16_8,16,0,1189.156193630597
session_040_q22,14.165363788604736,0.0008258999987446,51,3,0.8227722772277227,cikm_trace_0_16_9,16,0,1558.235441246452
session_043_q14,10.185197591781616,0.0007062000004224,28,0,0.8878787878787879,cikm_trace_0_16_10,16,0,1120.410576096001
session_032_q08,14.754108667373655,0.0007394999993266,34,1,0.8345454545454545,cikm_trace_0_16_11,16,0,1622.992625911065
session_003_q39,6.529224395751953,0.0007564000000001,35,1,0.9023529411764706,cikm_trace_0_16_12,16,0,718.2562855327149
session_012_q13,8.65671443939209,0.0007632999995621,31,1,0.7596491228070176,cikm_trace_0_16_13,16,0,952.2805698331058
session_018_q17,10.724117279052734,0.0008365000003322,52,3,0.8504504504504504,cikm_trace_0_16_14,16,0,1179.698908195819
session_025_q09,12.054741859436035,0.0007931000000097,32,1,0.7381578947368421,cikm_trace_0_16_15,16,0,1326.0652250379644
session_039_q12,16.80247402191162,0.0010980999977618,133,4,0.0,cikm_trace_1_16_0,16,1,1848.3325379101552
session_003_q14,12.7811119556427,0.0006814999999277,33,1,0.0,cikm_trace_1_16_1,16,1,1405.959797620693
session_037_q33,16.3940269947052,0.0009215999998558,41,2,0.0,cikm_trace_1_16_2,16,1,1803.393657417564
session_033_q32,6.687203884124756,0.000631400002021,22,0,0.0,cikm_trace_1_16_3,16,1,735.6271542538343
session_040_q22,14.165363788604736,0.0008258999987446,51,3,0.8227722772277227,cikm_trace_1_16_4,16,1,1558.235441246452
session_002_q10,8.400662183761597,0.0009772999999313,47,3,0.7301587301587301,cikm_trace_1_16_5,16,1,924.1265917137719
session_048_q28,5.475431442260742,0.0007574000010208,47,3,0.8483333333333334,cikm_trace_1_16_6,16,1,602.3391156487378
session_020_q36,10.308822393417358,0.0009150000005319,47,3,0.8489583333333333,cikm_trace_1_16_7,16,1,1134.0207882759387
session_026_q21,7.675361156463623,0.0007737000014458,37,1,0.8266666666666667,cikm_trace_1_16_8,16,1,844.332280711078
session_024_q39,13.18009114265442,0.0007384999989881,29,0,0.7628571428571429,cikm_trace_1_16_9,16,1,1449.8506431919307
session_018_q11,12.80948567390442,0.0007481000011466,50,3,0.8464912280701754,cikm_trace_1_16_10,16,1,1409.0845696295494
session_014_q12,7.853228330612183,0.0006531999997605,26,0,0.7166666666666666,cikm_trace_1_16_11,16,1,863.8910423673269
session_012_q19,6.540787220001221,0.0006374999993567,42,2,0.9292929292929292,cikm_trace_1_16_12,16,1,719.5216567000989
session_003_q06,12.11500859260559,0.0009493999999675,47,3,0.7709302325581395,cikm_trace_1_16_13,16,1,1332.703162186613
session_018_q27,7.673034429550171,0.0006459000005633,25,0,0.7423076923076923,cikm_trace_1_16_14,16,1,844.0693117505498
session_003_q01,10.93968677520752,0.000949000000105,47,3,0.8577981651376146,cikm_trace_1_16_15,16,1,1203.4177402728328
session_014_q17,15.377410650253296,0.0007671000003028,54,3,0.0,cikm_trace_2_16_0,16,2,1691.5573620278792
session_026_q29,16.25533938407898,0.0009782999986781,48,3,0.0,cikm_trace_2_16_1,16,2,1788.141138748615
session_024_q03,16.343335390090942,0.0008307999978568,59,4,0.0,cikm_trace_2_16_2,16,2,1797.8125869098858
session_020_q01,16.472399950027466,0.0009888000004138,72,4,0.0,cikm_trace_2_16_3,16,2,1812.018378503044
session_045_q10,11.005060911178589,0.0007573999973828,46,3,0.7666666666666666,cikm_trace_2_16_4,16,2,1210.5983572295008
session_028_q37,12.930259943008425,0.0007335999998757,42,2,0.8142857142857143,cikm_trace_2_16_5,16,2,1422.36894173092
session_001_q14,8.818611860275269,0.0007963999999844,54,3,0.8705263157894737,cikm_trace_2_16_6,16,2,970.0911066302787
session_039_q22,8.60121202468872,0.0006174999980428,32,1,0.8132352941176471,cikm_trace_2_16_7,16,2,946.1672852156516
session_033_q35,11.05111002922058,0.0007139000008463,25,0,0.5511111111111111,cikm_trace_2_16_8,16,2,1215.6613677143102
session_024_q36,10.131767511367798,0.0009468999978707,31,1,0.7453125,cikm_trace_2_16_9,16,2,1114.5465057503407
session_012_q07,9.552655220031738,0.0007528999994974,26,0,0.6791666666666667,cikm_trace_2_16_10,16,2,1050.8334837034636
session_036_q38,11.142685413360596,0.0006403999977919,33,1,0.6535714285714285,cikm_trace_2_16_11,16,2,1225.730617469544
session_004_q18,11.37088131904602,0.000770599999896,51,3,0.8696296296296296,cikm_trace_2_16_12,16,2,1250.8393280950565
session_040_q26,11.600621461868286,0.0009148999997704,25,0,0.8,cikm_trace_2_16_13,16,2,1276.1186803054989
session_001_q29,10.421218156814575,0.0010573000000135,39,2,0.8037974683544303,cikm_trace_2_16_14,16,2,1146.392148749604
session_050_q17,8.415946245193481,0.0007030000015219,29,0,0.8698795180722891,cikm_trace_2_16_15,16,2,925.7927519713667
session_012_q20,13.045630693435667,0.0010547999991103,42,2,0.0,cikm_trace_0_17_0,17,0,1435.0773902778744
session_018_q29,14.025946855545044,0.0010682000001906,81,4,0.0,cikm_trace_0_17_1,17,0,1542.9129051099653
session_013_q04,11.867735385894775,0.0007579000002805,55,3,0.0,cikm_trace_0_17_2,17,0,1305.4925769484407
session_012_q11,12.685171365737917,0.0007421999998768,59,4,0.0,cikm_trace_0_17_3,17,0,1395.409671231164
session_040_q01,8.772241830825806,0.0007125000011,59,4,0.0,cikm_trace_0_17_4,17,0,964.9857888908991
session_023_q01,10.677166223526,0.0005682999999407,26,0,0.8273809523809523,cikm_trace_0_17_5,17,0,1174.5195410878566
session_027_q31,7.518608093261719,0.0005204999997658,19,0,0.7212765957446808,cikm_trace_0_17_6,17,0,827.0755177587762
session_016_q14,9.382349014282228,0.0007308000003831,32,1,0.7913043478260869,cikm_trace_0_17_7,17,0,1032.0985855710662
session_050_q22,9.817663431167604,0.0025298000000474,65,4,0.8514285714285714,cikm_trace_0_17_8,17,0,1080.0821164284391
session_023_q22,7.048595190048218,0.0006719000011798,32,1,0.8433333333333333,cikm_trace_0_17_9,17,0,775.3824254053688
session_002_q11,14.862393617630005,0.0011961999999812,54,3,0.8026548672566372,cikm_trace_0_17_10,17,0,1634.9290889392994
session_021_q10,6.46028208732605,0.0006854000002931,28,0,0.8932432432432432,cikm_trace_0_17_11,17,0,710.6687266058816
session_025_q15,5.406837463378906,0.0011347999989083,38,2,0.9097222222222222,cikm_trace_0_17_12,17,0,594.8145349716197
session_031_q13,11.61880350112915,0.0008395999993808,33,1,0.8458715596330275,cikm_trace_0_17_13,17,0,1278.1145631241725
session_028_q01,10.126686573028564,0.0006557999986397,19,0,0.7357142857142858,cikm_trace_0_17_14,17,0,1113.9715920330673
session_020_q02,14.3387770652771,0.0008739000004425,61,4,0.8245901639344262,cikm_trace_0_17_15,17,0,1577.3135416805053
session_014_q31,7.44746470451355,0.0005953999998382,26,0,0.8018518518518518,cikm_trace_0_17_16,17,0,819.2538644964816
session_048_q34,14.964512586593628,0.0006963000014365,52,3,0.0,cikm_trace_1_17_0,17,1,1646.134681025378
session_008_q25,16.667051553726196,0.0009345000003122,97,4,0.0,cikm_trace_1_17_1,17,1,1833.4270684098988
session_007_q22,16.304988384246826,0.0008855999999467,43,2,0.0,cikm_trace_1_17_2,17,1,1793.597430267148
session_007_q17,13.828278064727783,0.0009228999992955,40,2,0.0,cikm_trace_1_17_3,17,1,1521.1613466200174
session_031_q23,13.13708758354187,0.0007447000007231,56,3,0.0,cikm_trace_1_17_4,17,1,1445.1205926896455
session_002_q07,14.357853174209597,0.0010681000001113,37,1,0.8495798319327731,cikm_trace_1_17_5,17,1,1579.4225946630618
session_008_q40,11.010145425796509,0.0007920000002741,36,1,0.8395061728395061,cikm_trace_1_17_6,17,1,1211.159556837631
session_004_q22,9.161864280700684,0.0006825000000388,38,2,0.8357142857142857,cikm_trace_1_17_7,17,1,1007.8426083770773
session_047_q26,14.285346746444702,0.0008514000001013,34,1,0.8706349206349207,cikm_trace_1_17_8,17,1,1571.4349691089228
session_017_q32,13.532476902008057,0.0008088000004134,36,1,0.7556962025316456,cikm_trace_1_17_9,17,1,1488.616943220909
session_028_q40,10.967491388320925,0.0009672999985923,78,4,0.9396648044692736,cikm_trace_1_17_10,17,1,1206.4772542152243
session_042_q33,12.66844654083252,0.0010153999974136,23,0,0.6499999999999999,cikm_trace_1_17_11,17,1,1393.584966491435
session_003_q10,9.123019933700562,0.00083230000007,47,3,0.9054545454545456,cikm_trace_1_17_12,17,1,1003.5779692070656
session_008_q13,8.040255546569824,0.0007290999997166,31,1,0.8945652173913043,cikm_trace_1_17_13,17,1,884.4682106226651
session_030_q05,14.240078210830688,0.0007679999998799,78,4,0.8397058823529412,cikm_trace_1_17_14,17,1,1566.4508431913691
session_011_q33,12.470818519592283,0.0006884000003992,42,2,0.85,cikm_trace_1_17_15,17,1,1371.827899155173
session_043_q04,7.565064430236816,0.0008680000028106,38,2,0.8818181818181818,cikm_trace_1_17_16,17,1,832.2048273262044
session_021_q04,16.562121391296387,0.0009133999974436,111,4,0.0,cikm_trace_2_17_0,17,2,1821.883590042462
session_016_q07,14.00544047355652,0.0009577999999236,61,4,0.0,cikm_trace_2_17_1,17,2,1540.651131091213
session_033_q23,12.776545286178589,0.0006997999989834,35,1,0.0,cikm_trace_2_17_2,17,2,1405.4584704795889
session_032_q25,11.41227960586548,0.000655200001347,20,0,0.0,cikm_trace_2_17_3,17,2,1255.386792645277
session_014_q10,16.381356716156006,0.0006867000001875,33,1,0.0,cikm_trace_2_17_4,17,2,1801.987007277171
session_025_q30,9.90846562385559,0.0007852999988242,71,4,0.8573913043478261,cikm_trace_2_17_5,17,2,1089.9744101240503
session_041_q37,14.157423496246338,0.0007119000038073,42,2,0.6860759493670886,cikm_trace_2_17_6,17,2,1557.3557390873066
session_010_q30,15.028374195098875,0.0008263000008809,51,3,0.9046666666666666,cikm_trace_2_17_7,17,2,1653.1666079609247
session_012_q26,13.130334615707396,0.0008259000005636,80,4,0.8233333333333334,cikm_trace_2_17_8,17,2,1444.3822322278445
session_001_q17,13.791855573654177,0.0008115999999914,41,2,0.7944444444444445,cikm_trace_2_17_9,17,2,1517.148751101959
session_041_q10,10.023112297058104,0.0008096999954431,49,3,0.8683168316831683,cikm_trace_2_17_10,17,2,1102.5868861761408
session_039_q24,13.792660474777222,0.0006805999983042,36,1,0.7349397590361446,cikm_trace_2_17_11,17,2,1517.2300852254011
session_017_q16,8.105714321136475,0.0006185000002005,43,2,0.84875,cikm_trace_2_17_12,17,2,891.6625928250232
session_034_q20,8.06759786605835,0.0006337000013445,31,1,0.8350649350649351,cikm_trace_2_17_13,17,2,887.4706187664924
session_020_q06,9.296069145202637,0.0007846999978937,31,1,0.8474358974358974,cikm_trace_2_17_14,17,2,1022.6107644721742
session_011_q23,10.969452619552612,0.000746200001231,57,4,0.8449152542372881,cikm_trace_2_17_15,17,2,1206.680829150855
session_046_q33,11.466733932495115,0.0009113999985856,53,3,0.868421052631579,cikm_trace_2_17_16,17,2,1261.3908595743849
session_023_q32,9.800809860229492,0.0007212000018625,61,4,0.0,cikm_trace_0_18_0,18,0,1078.1287506253466
session_011_q22,9.16133165359497,0.0007589999995615,40,2,0.0,cikm_trace_0_18_1,18,0,1007.7882268954227
session_011_q25,16.338951110839844,0.0006949000007807,30,0,0.0,cikm_trace_0_18_2,18,0,1797.3228416924258
session_003_q16,16.426437377929688,0.0008674999999128,46,3,0.0,cikm_trace_0_18_3,18,0,1806.9558240722608
session_036_q06,15.548444271087646,0.0008042000008572,30,0,0.0,cikm_trace_0_18_4,18,0,1710.3731008196883
session_015_q10,10.675702095031738,0.000850100000207,50,3,0.8166666666666667,cikm_trace_0_18_5,18,0,1174.3739859535026
session_010_q13,11.848483562469482,0.0007197999993877,30,0,0.7414285714285713,cikm_trace_0_18_6,18,0,1303.3727808716094
session_015_q25,6.923392534255981,0.0006848000002719,39,2,0.856,cikm_trace_0_18_7,18,0,761.6108427681728
session_011_q35,9.493950843811035,0.0007171000006564,40,2,0.8,cikm_trace_0_18_8,18,0,1044.37403331925
session_042_q24,7.16897988319397,0.000708299998223,25,0,0.8037735849056604,cikm_trace_0_18_9,18,0,788.6267436512389
session_013_q20,6.704676866531372,0.0006770999998479,19,0,0.8046511627906977,cikm_trace_0_18_10,18,0,737.5516958184426
session_013_q26,12.247507095336914,0.0008057000004554,32,1,0.8011904761904762,cikm_trace_0_18_11,18,0,1347.2700939870856
session_038_q04,12.616971015930176,0.0007842000050003,60,4,0.8466666666666667,cikm_trace_0_18_12,18,0,1387.9099427525944
session_002_q29,15.780542373657228,0.0008036000000401,40,2,0.8245762711864406,cikm_trace_0_18_13,18,0,1735.9038591022972
session_020_q21,8.924267768859863,0.0007505000012315,35,1,0.8153846153846154,cikm_trace_0_18_14,18,0,981.7107320746527
session_050_q38,11.984647750854492,0.0007770000011077,67,4,0.8697478991596639,cikm_trace_0_18_15,18,0,1318.353987594055
session_045_q32,9.517277956008911,0.0006749999993189,31,1,0.7263157894736842,cikm_trace_0_18_16,18,0,1046.9377001609428
session_027_q38,6.689015626907349,0.0006408999997801,20,0,0.9166666666666666,cikm_trace_0_18_17,18,0,735.8269684597963
session_045_q03,11.431167840957642,0.0008266000004367,52,3,0.0,cikm_trace_1_18_0,18,1,1257.4739255053646
session_045_q11,7.619102239608765,0.0009539000020594,49,3,0.0,cikm_trace_1_18_1,18,1,838.1537108570774
session_006_q38,16.468474864959717,0.0009064000000762,98,4,0.0,cikm_trace_1_18_2,18,1,1811.582087145573
session_022_q19,16.372956037521362,0.0009924000005411,71,4,0.0,cikm_trace_1_18_3,18,1,1801.0797461273796
session_023_q29,10.618730545043944,0.0006895999995321,34,1,0.0,cikm_trace_1_18_4,18,1,1168.098287954808
session_003_q05,6.083672761917114,0.0007946000000627,47,3,0.8977011494252873,cikm_trace_1_18_5,18,1,669.247706810886
session_007_q16,9.180034875869753,0.000734000000193,30,0,0.8301369863013699,cikm_trace_1_18_6,18,1,1009.8442063456835
session_041_q25,9.342504978179932,0.0007221000014396,27,0,0.8128571428571428,cikm_trace_1_18_7,18,1,1027.7152630998717
session_002_q25,12.816367864608765,0.0007768000000394,43,2,0.7954022988505747,cikm_trace_1_18_8,18,1,1409.8431891069663
session_046_q06,12.138565301895142,0.0008439000012002,32,1,0.8326086956521739,cikm_trace_1_18_9,18,1,1335.2885977085316
session_033_q11,14.418842315673828,0.0006848999983048,33,1,0.8617021276595744,cikm_trace_1_18_10,18,1,1586.1103242240279
session_024_q30,10.737179517745972,0.000839000000269,34,1,0.8390243902439024,cikm_trace_1_18_11,18,1,1181.1358919520717
session_025_q35,15.25361967086792,0.00079469999946,61,4,0.8722222222222222,cikm_trace_1_18_12,18,1,1677.9418722954415
session_047_q21,15.463564157485962,0.0007116000015229,39,2,0.8068627450980392,cikm_trace_1_18_13,18,1,1701.0311953235396
session_029_q06,15.973811864852903,0.0010163999995711,74,4,0.788695652173913,cikm_trace_1_18_14,18,1,1757.1752071337958
session_006_q11,9.401147603988647,0.0012044999998579,27,0,0.9260504201680672,cikm_trace_1_18_15,18,1,1034.1924839387434
session_009_q16,16.59563136100769,0.0008672999997542,62,4,0.9024096385542169,cikm_trace_1_18_16,18,1,1825.5671512108324
session_040_q12,13.090455293655396,0.0006964999993214,34,1,0.86,cikm_trace_1_18_17,18,1,1439.9883898020562
session_017_q05,9.27891755104065,0.0008322999992741,20,0,0.0,cikm_trace_2_18_0,18,2,1020.7267071144315
session_030_q34,12.981667041778564,0.0006510000002889,48,3,0.0,cikm_trace_2_18_1,18,2,1428.019179595658
session_004_q10,10.131859540939333,0.0005830000000059,35,1,0.0,cikm_trace_2_18_2,18,2,1114.536614503327
session_046_q18,17.076204538345337,0.0008646999995107,58,4,0.0,cikm_trace_2_18_3,18,2,1878.4300577179602
session_025_q25,11.757862329483032,0.0006541999991894,20,0,0.0,cikm_trace_2_18_4,18,2,1293.400837243089
session_018_q39,12.25687336921692,0.0006153999984234,31,1,0.9136054421768708,cikm_trace_2_18_5,18,2,1348.2899176137746
session_019_q28,5.748187065124512,0.0006342000015138,33,1,0.8222222222222222,cikm_trace_2_18_6,18,2,632.3354581637795
session_037_q03,10.148266077041626,0.0008138000048347,51,3,0.764,cikm_trace_2_18_7,18,2,1116.3540274748448
session_018_q31,8.462399005889893,0.0007411999995383,33,1,0.8263888888888888,cikm_trace_2_18_8,18,2,930.9046566478628
session_028_q29,11.893672704696655,0.0006823999992774,38,2,0.7787234042553192,cikm_trace_2_18_9,18,2,1308.3415295165923
session_012_q14,9.775270938873293,0.0007246999994093,57,4,0.8393617021276596,cikm_trace_2_18_10,18,2,1075.3196617760298
session_050_q14,8.582991600036621,0.0006693999966955,33,1,0.7482758620689656,cikm_trace_2_18_11,18,2,944.1658930038466
session_038_q23,11.594968557357788,0.0007836999975552,45,2,0.8409090909090909,cikm_trace_2_18_12,18,2,1275.4896448092222
session_028_q04,12.032499074935911,0.000814300001366,42,2,0.8096774193548387,cikm_trace_2_18_13,18,2,1323.6196847430253
session_044_q10,10.238523960113524,0.0007212999989859,37,1,0.8131578947368421,cikm_trace_2_18_14,18,2,1126.2773071124318
session_047_q05,8.395507574081421,0.0007301000005097,33,1,0.8657894736842106,cikm_trace_2_18_15,18,2,923.5459886489843
session_008_q05,12.212794542312622,0.0010566999999354,39,2,0.8011764705882353,cikm_trace_2_18_16,18,2,1343.4655181543849
session_003_q35,9.404383182525637,0.0006403000002136,24,0,0.8065789473684211,cikm_trace_2_18_17,18,2,1034.5173665778318
session_020_q27,16.980077505111694,0.0008352000004378,50,3,0.0,cikm_trace_0_19_0,19,0,1867.8544615623105
session_013_q08,11.8996319770813,0.000686599999426,30,0,0.0,cikm_trace_0_19_1,19,0,1308.9972804789115
session_040_q07,8.046544551849365,0.0006533000014314,41,2,0.0,cikm_trace_0_19_2,19,0,885.1558322035089
session_045_q06,16.30022430419922,0.0008567000004404,46,3,0.0,cikm_trace_0_19_3,19,0,1793.0717919619383
session_048_q10,16.524906158447266,0.0009098000045923,65,4,0.0,cikm_trace_0_19_4,19,0,1817.7897164294518
session_014_q20,11.26849627494812,0.0007624999998368,60,4,0.8330188679245283,cikm_trace_0_19_5,19,0,1239.5765277442842
session_026_q37,10.211965322494509,0.0007045000002108,28,0,0.5045454545454546,cikm_trace_0_19_6,19,0,1123.3549329744076
session_050_q26,10.646354913711548,0.0007274000017786,48,3,0.7925,cikm_trace_0_19_7,19,0,1171.139047508368
session_001_q24,9.396336317062378,0.0009195000000089,43,2,0.9072072072072072,cikm_trace_0_19_8,19,0,1033.647567376862
session_037_q05,11.252646684646606,0.0006441000004996,38,2,0.8622641509433963,cikm_trace_0_19_9,19,0,1237.8265608111542
session_029_q02,11.416817903518677,0.0007390999980997,50,3,0.8688073394495412,cikm_trace_0_19_10,19,0,1255.89061988695
session_020_q26,9.27355980873108,0.0007370000002992,31,1,0.8236842105263158,cikm_trace_0_19_11,19,0,1020.1321139604354
session_041_q36,15.077815771102903,0.0006943999978829,36,1,0.7957446808510639,cikm_trace_0_19_12,19,0,1658.597926821203
session_046_q25,14.809686183929443,0.0009475999977439,81,4,0.8617021276595744,cikm_trace_0_19_13,19,0,1629.1175982321147
session_040_q31,16.219525814056396,0.0007810999995852,43,2,0.6773809523809524,cikm_trace_0_19_14,19,0,1784.1908000461808
session_026_q24,9.60452938079834,0.0008691000002726,42,2,0.8598039215686275,cikm_trace_0_19_15,19,0,1056.5460323878324
session_037_q30,9.568299055099487,0.0007392000006801,31,1,0.7387096774193549,cikm_trace_0_19_16,19,0,1052.553552060981
session_030_q10,12.444278478622437,0.0007779000006848,36,1,0.7289156626506024,cikm_trace_0_19_17,19,0,1368.9134171485057
session_049_q26,7.867687225341797,0.0006369000002449,35,1,0.8217391304347826,cikm_trace_0_19_18,19,0,865.4806242876111
session_014_q09,10.52312684059143,0.000672600001053,32,1,0.0,cikm_trace_1_19_0,19,1,1157.5809454651153
session_008_q25,16.667051553726196,0.0009345000003122,97,4,0.0,cikm_trace_1_19_1,19,1,1833.4270684098988
session_033_q39,7.071853160858154,0.0006425000010494,30,0,0.0,cikm_trace_1_19_2,19,1,777.9391851944547
session_029_q39,16.97645878791809,0.0008170000000973,33,1,0.0,cikm_trace_1_19_3,19,1,1867.4554016709953
session_015_q24,16.53302311897278,0.0009026000006996,82,4,0.0,cikm_trace_1_19_4,19,1,1818.682186087044
session_038_q30,12.158281087875366,0.0006498000002464,25,0,0.60625,cikm_trace_1_19_5,19,1,1337.4466586663038
session_024_q36,10.131767511367798,0.0009468999978707,31,1,0.7453125,cikm_trace_1_19_6,19,1,1114.5465057503407
session_025_q19,10.562685251235962,0.0010755000002972,30,0,0.6127659574468085,cikm_trace_1_19_7,19,1,1161.9545301359722
session_018_q37,11.455581903457642,0.0007009000000834,29,0,0.8222222222222222,cikm_trace_1_19_8,19,1,1260.1525588803452
session_019_q03,10.87291407585144,0.0007456000003002,44,2,0.6730158730158731,cikm_trace_1_19_9,19,1,1196.061556343675
session_028_q38,15.341046810150146,0.0007920000007286,39,2,0.7293478260869566,cikm_trace_1_19_10,19,1,1687.5587091165562
session_015_q25,6.923392534255981,0.0006848000002719,39,2,0.856,cikm_trace_1_19_11,19,1,761.6108427681728
session_036_q38,11.142685413360596,0.0006403999977919,33,1,0.6535714285714285,cikm_trace_1_19_12,19,1,1225.730617469544
session_040_q35,11.72791337966919,0.0008428000001003,47,3,0.8321100917431192,cikm_trace_1_19_13,19,1,1290.1168257636164
session_015_q05,8.185211420059204,0.0006020999999236,30,0,0.7775862068965518,cikm_trace_1_19_14,19,1,900.4063717065083
session_003_q22,12.501092433929443,0.000894399999879,87,4,0.865034965034965,cikm_trace_1_19_15,19,1,1375.1693597322321
session_026_q26,8.832125902175903,0.0006570000005012,29,0,0.7746031746031746,cikm_trace_1_19_16,19,1,971.5699842393769
session_020_q14,13.28627586364746,0.000767600000472,37,1,0.7564102564102564,cikm_trace_1_19_17,19,1,1461.5325630012464
session_005_q17,9.790736436843872,0.0007306000002245,22,0,0.7806451612903226,cikm_trace_1_19_18,19,1,1077.0211910528383
session_015_q03,16.350507020950317,0.0010103999993588,42,2,0.0,cikm_trace_2_19_0,19,2,1798.6113443044997
session_013_q08,11.8996319770813,0.000686599999426,30,0,0.0,cikm_trace_2_19_1,19,2,1308.9972804789115
session_003_q18,16.8090558052063,0.000952499999812,80,4,0.0,cikm_trace_2_19_2,19,2,1849.0485260726825
session_002_q09,8.244646787643433,0.0008753999999269,35,1,0.0,cikm_trace_2_19_3,19,2,906.9592936407736
session_030_q34,12.981667041778564,0.0006510000002889,48,3,0.0,cikm_trace_2_19_4,19,2,1428.019179595658
session_020_q09,13.5758535861969,0.0008177999989128,49,3,0.8367521367521368,cikm_trace_2_19_5,19,2,1493.3888734815991
session_043_q03,9.612188816070557,0.0008831000013742,35,1,0.7693548387096774,cikm_trace_2_19_6,19,2,1057.3893402678368
session_036_q24,9.490990161895752,0.0006993000024521,48,3,0.8012048192771084,cikm_trace_2_19_7,19,2,1044.0473793086676
session_011_q39,11.4866201877594,0.0008952999996835,61,4,0.7848484848484849,cikm_trace_2_19_8,19,2,1263.5774621535165
session_038_q18,13.741530179977415,0.0008438000004388,29,0,0.5913793103448275,cikm_trace_2_19_9,19,2,1511.6147287975398
session_037_q02,10.625179767608644,0.0006985000036365,31,1,0.721311475409836,cikm_trace_2_19_10,19,2,1168.808191937151
session_021_q11,8.33256459236145,0.0007481000011466,35,1,0.8531645569620253,cikm_trace_2_19_11,19,2,916.6232506598226
session_028_q31,9.459653854370115,0.000774199999796,79,4,0.8834782608695653,cikm_trace_2_19_12,19,2,1040.6045049807014
session_018_q30,11.873937606811523,0.0006730000004608,32,1,0.7292307692307691,cikm_trace_2_19_13,19,2,1306.170151749293
session_012_q05,12.561105489730837,0.0008926000000426,65,4,0.8942028985507247,cikm_trace_2_19_14,19,2,1381.7706968703944
session_046_q25,14.809686183929443,0.0009475999977439,81,4,0.8617021276595744,cikm_trace_2_19_15,19,2,1629.1175982321147
session_004_q27,14.803343057632446,0.0008684000001721,53,3,0.8034482758620689,cikm_trace_2_19_16,19,2,1628.4154983395786
session_015_q20,9.672587156295776,0.0008058000003074,52,3,0.9,cikm_trace_2_19_17,19,2,1064.0289061925523
session_022_q39,8.29735279083252,0.0006865000013931,31,1,0.8257575757575757,cikm_trace_2_19_18,19,2,912.7465644916538
session_006_q40,16.866991996765137,0.0008966999998846,55,3,0.0,cikm_trace_0_20_0,20,0,1855.4184381441587
session_035_q27,16.82435703277588,0.0008792000007814,106,4,0.0,cikm_trace_0_20_1,20,0,1850.7276296053897
session_037_q18,9.893248558044434,0.0007493999983124,44,2,0.0,cikm_trace_0_20_2,20,0,1088.298558384795
session_042_q09,11.994295120239258,0.0008783999983279,90,4,0.0,cikm_trace_0_20_3,20,0,1319.4207752262264
session_020_q27,16.980077505111694,0.0008352000004378,50,3,0.0,cikm_trace_0_20_4,20,0,1867.8544615623105
session_048_q03,13.98479986190796,0.0005963000003248,37,1,0.0,cikm_trace_0_20_5,20,0,1538.3607813098936
session_034_q16,7.512968063354492,0.0007089000009726,24,0,0.773469387755102,cikm_trace_0_20_6,20,0,826.4654764690476
session_014_q07,10.391526460647585,0.0007230999999591,61,4,0.8423076923076923,cikm_trace_0_20_7,20,0,1143.1076811712321
session_018_q06,15.296568393707275,0.0006948000000192,49,3,0.7240963855421687,cikm_trace_0_20_8,20,0,1682.6607373078014
session_029_q08,13.27035140991211,0.0007793000004311,40,2,0.8161904761904761,cikm_trace_0_20_9,20,0,1459.7815165903557
session_013_q20,6.704676866531372,0.0006770999998479,19,0,0.8046511627906977,cikm_trace_0_20_10,20,0,737.5516958184426
session_017_q27,10.055957794189451,0.0006599999996978,20,0,0.6227272727272727,cikm_trace_0_20_11,20,0,1106.191657360823
session_015_q02,9.231743335723875,0.0006788999999115,36,1,0.8531645569620253,cikm_trace_0_20_12,20,0,1015.5291064296214
session_030_q04,12.931899547576904,0.0006226000004971,36,1,0.7117647058823529,cikm_trace_0_20_13,20,0,1422.5431932334868
session_014_q23,10.573683261871338,0.0008347000002685,53,3,0.826,cikm_trace_0_20_14,20,0,1163.151067305862
session_006_q31,12.764957666397097,0.0008839000001898,58,4,0.8442622950819672,cikm_trace_0_20_15,20,0,1404.193957803691
session_046_q34,10.1648588180542,0.0007853999995859,40,2,0.869,cikm_trace_0_20_16,20,0,1118.1776669859391
session_004_q31,8.71702790260315,0.0007262000001446,35,1,0.8950980392156862,cikm_trace_0_20_17,20,0,958.9130102863544
session_037_q34,14.21107053756714,0.0007549000001744,42,2,0.768041237113402,cikm_trace_0_20_18,20,0,1563.259278632395
session_047_q09,9.346056699752808,0.0006726999999954,56,3,0.8268292682926829,cikm_trace_0_20_19,20,0,1028.1032354728086
session_026_q13,8.212252616882324,0.0007019000004219,37,1,0.0,cikm_trace_1_20_0,20,1,903.3863923570789
session_029_q35,16.350738048553467,0.0007621999993715,41,2,0.0,cikm_trace_1_20_1,20,1,1798.6231063408468
session_006_q15,16.298450708389282,0.0007932000003165,22,0,0.0,cikm_trace_1_20_2,20,1,1792.8732039228385
session_020_q40,10.55550479888916,0.0008284000014098,49,3,0.0,cikm_trace_1_20_3,20,1,1161.1510898778852
session_009_q37,9.225525379180908,0.000774199999796,59,4,0.0,cikm_trace_1_20_4,20,1,1014.8503727098887
session_042_q14,17.077188968658447,0.0007947999984025,34,1,0.0,cikm_trace_1_20_5,20,1,1878.5345005523413
session_025_q28,11.10437297821045,0.0006743999983881,30,0,0.708955223880597,cikm_trace_1_20_6,20,1,1221.5181196030608
session_004_q23,12.225234985351562,0.0008623999997325,44,2,0.8436363636363636,cikm_trace_1_20_7,20,1,1344.8232803886572
session_020_q10,6.543022155761719,0.0006792999993194,35,1,0.9172043010752688,cikm_trace_1_20_8,20,1,719.7697986337516
session_003_q32,10.183856964111328,0.000849799999969,41,2,0.7952380952380953,cikm_trace_1_20_9,20,1,1120.2710050522444
session_021_q37,7.829745292663574,0.0008019000015337,26,0,0.8174603174603174,cikm_trace_1_20_10,20,1,861.3160866930775
session_049_q14,15.614922761917114,0.0008075999976426,45,2,0.7079545454545455,cikm_trace_1_20_11,20,1,1717.685921810753
session_004_q15,11.673489332199097,0.0007615999998051,45,2,0.8734513274336283,cikm_trace_1_20_12,20,1,1284.12571454189
session_043_q36,9.513137340545654,0.0006664000029558,38,2,0.8428571428571429,cikm_trace_1_20_13,20,1,1046.4817594601845
session_006_q16,12.988883018493652,0.0007344000000557,21,0,0.7380281690140844,cikm_trace_1_20_14,20,1,1428.8175240343048
session_007_q13,9.228049993515016,0.0007997999996404,37,1,0.891,cikm_trace_1_20_15,20,1,1015.1294882866321
session_035_q40,14.32710027694702,0.0008619999989605,62,4,0.7880733944954128,cikm_trace_1_20_16,20,1,1576.028440464115
session_008_q28,9.964072704315186,0.0007624999998368,37,1,0.8333333333333333,cikm_trace_1_20_17,20,1,1096.0899349746614
session_046_q33,11.466733932495115,0.0009113999985856,53,3,0.868421052631579,cikm_trace_1_20_18,20,1,1261.3908595743849
session_002_q15,10.509406805038452,0.0012255999999979,57,4,0.8951219512195122,cikm_trace_1_20_19,20,1,1156.1021565542296
session_011_q03,11.365832567214966,0.0007992999999259,51,3,0.0,cikm_trace_2_20_0,20,2,1250.2855438936422
session_035_q34,16.390141487121582,0.0007729000008111,41,2,0.0,cikm_trace_2_20_1,20,2,1802.9580730834186
session_015_q03,16.350507020950317,0.0010103999993588,42,2,0.0,cikm_trace_2_20_2,20,2,1798.6113443044997
session_029_q23,8.979494333267212,0.0006777000016881,32,1,0.0,cikm_trace_2_20_3,20,2,987.7816501594862
session_030_q03,16.355515003204346,0.0007363999993685,37,1,0.0,cikm_trace_2_20_4,20,2,1799.1471523524433
session_023_q27,6.580693006515503,0.0007287000007635,47,3,0.0,cikm_trace_2_20_5,20,2,723.9163092167473
session_036_q07,12.088889598846436,0.0007923000011942,37,1,0.7674698795180723,cikm_trace_2_20_6,20,2,1329.8214323731736
session_011_q13,11.055538892745972,0.0007993999997778,48,3,0.7863636363636364,cikm_trace_2_20_7,20,2,1216.1532452020447
session_041_q02,9.374318599700928,0.0006405999993148,37,1,0.8517241379310345,cikm_trace_2_20_8,20,2,1031.2102789670644
session_035_q28,6.180932283401489,0.0006602000012207,40,2,0.9071428571428573,cikm_trace_2_20_9,20,2,679.938862174231
session_006_q02,14.302900552749634,0.000893299999916,52,3,0.8299145299145299,cikm_trace_2_20_10,20,2,1573.368192302455
session_017_q22,9.446738243103027,0.0006884000003991,20,0,0.6266666666666667,cikm_trace_2_20_11,20,2,1039.179068741355
session_019_q39,8.861002922058105,0.0007179000003815,38,2,0.856043956043956,cikm_trace_2_20_12,20,2,974.7498059264126
session_050_q02,10.913390398025513,0.0006977000011829,37,1,0.7960526315789473,cikm_trace_2_20_13,20,2,1200.5113172828715
session_014_q23,10.573683261871338,0.0008347000002685,53,3,0.826,cikm_trace_2_20_14,20,2,1163.151067305862
session_025_q03,12.075861692428589,0.0006732999991071,39,2,0.7835294117647059,cikm_trace_2_20_15,20,2,1328.3818176670957
session_044_q39,13.309632301330566,0.0006654999997408,58,4,0.8674999999999999,cikm_trace_2_20_16,20,2,1464.096155646348
session_024_q05,9.898480415344238,0.0007863999999244,46,3,0.7878378378378379,cikm_trace_2_20_17,20,2,1088.876097687862
session_037_q21,15.442074298858644,0.0007824000022082,45,2,0.7291666666666666,cikm_trace_2_20_18,20,2,1698.6712048745724
session_011_q23,10.969452619552612,0.000746200001231,57,4,0.8449152542372881,cikm_trace_2_20_19,20,2,1206.680829150855
